snr_db,val_acc,n_voices
999.0,0.9770909876810028,2
20.0,0.9278149989193862,2
10.0,0.7901448022476767,2
5.0,0.6200561919170089,2
0.0,0.42079100929327856,2
-5.0,0.2705856926734385,2
