snr_db,val_acc,n_voices
999.0,0.973849146315107,2
20.0,0.9459693105684028,2
10.0,0.8277501620920683,2
5.0,0.6643613572509185,2
0.0,0.461638210503566,2
-5.0,0.2883077588070024,2
