snr_db,val_acc
999.0,0.9723362870110223
20.0,0.9639074994596931
10.0,0.9479144153879403
5.0,0.9265182623730279
0.0,0.881564728765939
-5.0,0.7987897125567323
