snr_db,val_acc,n_voices
999.0,0.9723362870110223,3
20.0,0.9552625891506376,3
10.0,0.9014480224767668,3
5.0,0.8152150421439378,3
0.0,0.6516101145450616,3
-5.0,0.4337583747568619,3
